[
    {
        "id": 1,
        "name": "Relógio Vivara Biomas Pantanal Masculino",
        "price": 700,
        "image": "../images/products/f9.png"
    },
    {
        "id": 2,
        "name": "Óculos de Sol Aviador Cinza Escuro",
        "price": 89.99,
        "image": "../images/products/f10.png"
    },
    {
        "id": 3,
        "name": "Celular Samsung Galaxy A35 5G",
        "price": 1649.99,
        "image": "../images/products/f11.png"
    }
    ,
    {
        "id": 4,
        "name": "Natura Homem Essence ",
        "price": 135,
        "image": "../images/products/f12.JPG"
    },
    {
        "id": 5,
        "name": "Whey protein concentrado cookies and cream 1KG",
        "price": 198.99,
        "image": "../images/products/f13.JPG"
    },
    {
        "id": 6,
        "name": "Livro - O Morro Dos Ventos Uivantes",
        "price": 43,
        "image": "../images/products/f14.png"

    },
    {
        "id": 7,
        "name": "Camisa Uniforme Íbis 2023",
        "price": 197.90,
        "image": "../images/products/f15.JPG"
    },
    {
       "id": 8,
        "name": "Caderno Univ Tilibra Náutico 10 Matérias",
        "price": 28,
        "image": "../images/products/f16.png" 
    },
    {
        "id": 9,
        "name": "Micro-ondas Electrolux 31L Com Grill Me41x",
        "price": 122.30,
        "image": "../images/products/f17.png"
    },
    {
        "id": 10,
        "name": "Peneu firestone 17 60 215",
        "price": 1330,
        "image": "../images/products/f18.png"
    },
    {
        "id": 11,
        "name": "Violão Aço Eletroacústico",
        "price": 800,
        "image": "../images/products/f19.jpg"
    },
    {
        "id": 12,
        "name": "Camisa Social Manga Longa Slim",
        "price": 78,
        "image": "../images/products/f20.png"
    },
    {
        "id": 13,
        "name": "Notebook Positivo Intel Celeron 4Gb Ram 128Gb Tela De 15,6",
        "price": 2000,
        "image": "../images/products/f21.png"
    },
    {
        "id": 14,
        "name": "Fone Bluetooth Sem Fio",
        "price": 188,
        "image": "../images/products/f22.jpg"
    },
    {
        "id": 15,
        "name": "Lego Minecraft Pousada Da Raposa",
        "price": 210,
        "image": "../images/products/f23.png"
    },
    {
        "id": 16,
        "name": "xbox series x",
        "price": 2100,
        "image": "../images/products/f24.png"
    }


    
]