[
    {
        "id": 17,
        "name": "IPHONE 15 PRO MAX 256GB",
        "price": 8299,
        "image": "../images/products/f1.png"
    },
    {
        "id": 18,
        "name": "PlayStation®5 Slim Edição Digital com 2 Jogos",
        "price": 2999,
        "image": "../images/products/f2.png"
    },
    {
        "id": 19,
        "name": "Camisa Náutico-Dry Masculina",
        "price": 299,
        "image": "../images/products/f3.png"
    }
    ,
    {
        "id": 20,
        "name": "Parafusadeira Furadeira Impacto Bosch GSB 18V-50 18V ",
        "price": 959,
        "image": "../images/products/f4.png"
    },
    {
        "id": 21,
        "name": "Kit Com 5 Camisas Masculinas",
        "price": 169,
        "image": "../images/products/f5.png"
    },
    {
        "id": 22,
        "name": "Tênis Nike Downshifter 12 Esportivo Feminino Preto",
        "price": 389,
        "image": "../images/products/f6.png"

    },
    {
        "id": 23,
        "name": "Mesa de Escritório em L Estilo Industrial 1,50mX1,50m Kuadra, Compace, Preto Ônix / Est.Preta",
        "price": 375,
        "image": "../images/products/f7.png"
    },
    {
       "id": 24,
        "name": "roupa feminina de verão de 2 peças, Camisas e shorts grandes com botões",
        "price": 412,
        "image": "../images/products/f8.png" 
    }


    
]